Datetime,Open,High,Low,Close,Adj Close,Volume,RSI,buy,sell,capital
2022-02-17 09:30:00,913.260009765625,915.0,910.010009765625,913.3200073242188,913.3200073242188,609791,,,,1000.0
2022-02-17 09:32:00,912.8499755859375,914.5800170898438,908.7000122070312,913.8665771484375,913.8665771484375,147946,,,,1000.0
2022-02-17 09:34:00,913.8350219726562,918.0,911.6799926757812,914.8599853515625,914.8599853515625,234169,,,,1000.0
2022-02-17 09:36:00,915.0,916.5999755859375,914.1900024414062,915.7557983398438,915.7557983398438,114855,,,,1000.0
2022-02-17 09:38:00,915.22998046875,915.5850219726562,913.760009765625,915.5798950195312,915.5798950195312,108630,,,,1000.0
2022-02-17 09:40:00,914.6801147460938,916.25,914.4700927734375,915.0900268554688,915.0900268554688,104623,,,,1000.0
2022-02-17 09:42:00,914.5599975585938,918.4998779296875,914.2000122070312,917.2899780273438,917.2899780273438,146745,,,,1000.0
2022-02-17 09:44:00,917.5560302734375,918.4249877929688,914.6699829101562,914.77001953125,914.77001953125,191102,,,,1000.0
2022-02-17 09:46:00,914.5599975585938,914.7698974609375,909.5100708007812,911.1859741210938,911.1859741210938,217695,,,,1000.0
2022-02-17 09:48:00,911.0,911.6298828125,908.3599853515625,910.1090698242188,910.1090698242188,111241,,,,1000.0
2022-02-17 09:50:00,910.080078125,910.7374267578125,907.0,907.0,907.0,135423,,,,1000.0
2022-02-17 09:52:00,907.0999755859375,907.760009765625,905.2993774414062,906.2750244140625,906.2750244140625,131601,,,,1000.0
2022-02-17 09:54:00,906.5546875,909.3499755859375,906.3927001953125,908.9299926757812,908.9299926757812,109844,,,,1000.0
2022-02-17 09:56:00,909.2111206054688,909.419921875,907.1599731445312,908.869873046875,908.869873046875,71634,,,,1000.0
2022-02-17 09:58:00,908.9000244140625,909.0,906.6610107421875,907.698974609375,907.698974609375,67764,49.83827209299172,,,1000.0
2022-02-17 10:00:00,907.6900024414062,908.739990234375,905.6199951171875,908.340087890625,908.340087890625,106918,54.027929294465864,,,1000.0
2022-02-17 10:02:00,908.4550170898438,909.5,907.0300903320312,908.380126953125,908.380126953125,86350,52.692793649018846,,,1000.0
2022-02-17 10:04:00,908.22998046875,909.4000244140625,907.5,908.7991943359375,908.7991943359375,63867,49.10205105409829,,,1000.0
2022-02-17 10:06:00,908.5999755859375,910.5599975585938,908.2999877929688,909.5900268554688,909.5900268554688,99526,42.79642431047793,909.5900268554688,,994.9999999999999
2022-02-17 10:08:00,909.655029296875,910.1937255859375,907.6799926757812,908.0599975585938,908.0599975585938,86304,39.12404994159322,,,993.3263018443005
2022-02-17 10:10:00,907.7999877929688,908.0250244140625,904.0,905.1900024414062,905.1900024414062,179467,34.55467627317782,,,990.1868158590883
2022-02-17 10:12:00,905.10498046875,905.969970703125,904.4099731445312,905.3800048828125,905.3800048828125,103524,33.9894618612815,,,990.3946594189531
2022-02-17 10:14:00,905.27001953125,907.8298950195312,905.0,906.3900146484375,906.3900146484375,86366,34.388740633814194,,,991.4995085126388
2022-02-17 10:16:00,906.5,906.9600219726562,904.9099731445312,906.0,906.0,75408,34.22572846418119,,,991.0728717161286
2022-02-17 10:18:00,906.0999755859375,906.7498779296875,903.7000122070312,903.9899291992188,903.9899291992188,88032,42.19934003064517,,,988.8740564392158
2022-02-17 10:20:00,903.969970703125,903.969970703125,902.4000244140625,902.8699951171875,902.8699951171875,131121,38.01371798978688,,,987.6489611999095
2022-02-17 10:22:00,902.3599853515625,904.52001953125,902.3599853515625,903.02001953125,903.02001953125,92296,28.268056461477357,,,987.813072818974
2022-02-17 10:24:00,903.3422241210938,903.3422241210938,900.510009765625,901.0499877929688,901.0499877929688,164126,23.406115333587024,,,985.6580562491833
2022-02-17 10:26:00,900.6871948242188,901.9298706054688,898.7022094726562,899.0599975585938,899.0599975585938,267375,21.929609019296095,,,983.4812070921535
2022-02-17 10:28:00,898.9299926757812,899.3599853515625,897.6199951171875,898.1300048828125,898.1300048828125,130690,20.339498678075145,,,982.4638886463903
2022-02-17 10:30:00,897.9390258789062,899.3499755859375,896.3201293945312,899.239990234375,899.239990234375,185864,24.22754553278996,,,983.6781009752378
2022-02-17 10:32:00,899.1649780273438,899.47998046875,897.989990234375,898.280029296875,898.280029296875,78807,28.87815351583467,,,982.6280002654548
2022-02-17 10:34:00,898.5399780273438,899.7440185546875,898.2949829101562,898.9400024414062,898.9400024414062,90203,28.671482330140364,,,983.3499445034306
2022-02-17 10:36:00,898.8200073242188,899.6898803710938,896.8699951171875,897.1500244140625,897.1500244140625,92284,28.969343545539814,,,981.3918885830461
2022-02-17 10:38:00,897.2122192382812,899.75,897.010009765625,899.239990234375,899.239990234375,84062,30.90640726921505,,,983.6781009752378
2022-02-17 10:40:00,898.97998046875,899.1270751953125,897.0599975585938,897.64990234375,897.64990234375,62482,41.85062851378418,,,981.9387047588551
2022-02-17 10:42:00,897.4199829101562,898.2000122070312,895.6199951171875,895.6900024414062,895.6900024414062,100935,41.43946333220967,,,979.7947713984887
2022-02-17 10:44:00,895.6199951171875,895.8798828125,893.0,893.2100219726562,893.2100219726562,133758,38.652457929757745,,,977.0819222097867
2022-02-17 10:46:00,893.2199096679688,895.1699829101562,891.0,892.577392578125,892.577392578125,199519,37.88969209110325,,,976.3898892839918
2022-02-17 10:48:00,892.39501953125,893.22998046875,891.8099975585938,892.4299926757812,892.4299926757812,81470,38.68128374360453,,,976.2286486167661
2022-02-17 10:50:00,892.5399780273438,892.7999267578125,888.0349731445312,888.0349731445312,888.0349731445312,199004,47.101487054743814,,,971.4209393142447
2022-02-17 10:52:00,888.1898193359375,890.9899291992188,888.0,890.1699829101562,890.1699829101562,138820,43.26102526461387,,,973.7564252519488
2022-02-17 10:54:00,890.0999755859375,892.3300170898438,889.5,892.2849731445312,892.2849731445312,103088,47.53935086467304,,,976.0700118360919
2022-02-17 10:56:00,892.260009765625,894.219970703125,891.52001953125,893.2899780273438,893.2899780273438,165216,48.18223766575075,,,977.1693860913874
2022-02-17 10:58:00,893.0599975585938,893.3599243164062,891.6699829101562,892.4700927734375,892.4700927734375,70429,47.857019705219905,,,976.2725140902102
2022-02-17 11:00:00,892.60498046875,893.119873046875,892.5,892.780029296875,892.780029296875,126275,48.10881918292992,,,976.6115534724761
2022-02-17 11:02:00,892.4000244140625,892.5900268554688,888.5999755859375,889.2346801757812,889.2346801757812,120105,46.99373647285625,,,972.7332981361861
2022-02-17 11:04:00,889.0599975585938,889.5,886.8499755859375,888.6900024414062,888.6900024414062,176654,44.028349274790585,,,972.1374754801521
2022-02-17 11:06:00,888.5,891.2789916992188,888.5,891.0695190429688,891.0695190429688,117620,43.72502253966021,,,974.7404273031176
2022-02-17 11:08:00,891.083984375,891.5700073242188,889.2839965820312,890.2899780273438,890.2899780273438,69417,46.67038071039826,,,973.8876878406718
2022-02-17 11:10:00,890.2650146484375,892.8499755859375,890.2650146484375,892.5050048828125,892.5050048828125,84984,48.78461973805281,,,976.3107044262983
2022-02-17 11:12:00,892.5,896.219970703125,892.5,896.0399780273438,896.0399780273438,199616,52.175067560154844,,,980.1776094878768
2022-02-17 11:14:00,896.0399780273438,896.5,894.55908203125,895.0549926757812,895.0549926757812,118494,53.42793745111011,,,979.1001345861423
2022-02-17 11:16:00,894.9199829101562,897.1998901367188,894.5,896.9520874023438,896.9520874023438,100315,51.46584885275909,,,981.175365401343
2022-02-17 11:18:00,896.97998046875,899.1799926757812,896.9227905273438,897.951171875,897.951171875,171060,59.34969322872814,,897.951171875,977.2682633234208
2022-02-17 11:20:00,897.697509765625,898.0599975585938,896.7800903320312,897.3790283203125,897.3790283203125,61435,57.51256534001089,,,977.2682633234208
2022-02-17 11:22:00,897.3090209960938,898.0,897.1699829101562,897.1699829101562,897.1699829101562,45548,59.34430078807179,,,977.2682633234208
2022-02-17 11:24:00,897.4650268554688,897.5299072265625,896.0499877929688,896.9829711914062,896.9829711914062,62924,63.94857005409303,,,977.2682633234208
2022-02-17 11:26:00,897.0700073242188,898.489990234375,896.5001220703125,897.239990234375,897.239990234375,67016,65.96732740839218,,,977.2682633234208
2022-02-17 11:28:00,897.2299194335938,897.8557739257812,896.530029296875,897.0150146484375,897.0150146484375,60490,65.86219954639293,,,977.2682633234208
2022-02-17 11:30:00,896.9099731445312,897.0599975585938,895.9199829101562,896.7000122070312,896.7000122070312,51039,78.98430680770804,,,977.2682633234208
2022-02-17 11:32:00,896.9400024414062,897.0,894.2501220703125,894.3300170898438,894.3300170898438,90662,80.08803549147373,,,977.2682633234208
2022-02-17 11:34:00,894.4600219726562,895.6900024414062,894.25,895.088623046875,895.088623046875,48444,71.62735313434118,,,977.2682633234208
2022-02-17 11:36:00,895.4998779296875,895.4998779296875,893.4000854492188,893.5100708007812,893.5100708007812,46866,69.8600583421229,,,977.2682633234208
2022-02-17 11:38:00,893.8599853515625,894.5399780273438,893.0700073242188,893.72998046875,893.72998046875,66324,64.90784156343162,,,977.2682633234208
2022-02-17 11:40:00,893.8099975585938,894.0499877929688,891.9000244140625,892.16162109375,892.16162109375,61129,50.647505697881805,,,977.2682633234208
2022-02-17 11:42:00,892.6199951171875,893.489990234375,891.2000122070312,893.2000122070312,893.2000122070312,65918,48.480681654397706,,,977.2682633234208
2022-02-17 11:44:00,893.3599853515625,893.969970703125,892.0,892.2501220703125,892.2501220703125,43146,42.70802741676166,892.2501220703125,,972.2682633234207
2022-02-17 11:46:00,892.469970703125,893.3499755859375,892.0999755859375,893.3499755859375,893.3499755859375,44050,39.081906680093994,,,973.4667531202791
2022-02-17 11:48:00,893.0759887695312,895.2000122070312,891.7999877929688,895.142822265625,895.142822265625,68610,42.16934567176021,,,975.420384601573
2022-02-17 11:50:00,894.6500244140625,894.7000122070312,892.5700073242188,892.8298950195312,892.8298950195312,56081,45.590308126007905,,,972.9000310581797
2022-02-17 11:52:00,892.7100219726562,892.7100219726562,891.75,891.75,891.75,41416,39.27517077458021,,,971.7232896610757
2022-02-17 11:54:00,892.0,892.4400024414062,891.52001953125,892.0300903320312,892.0300903320312,32772,43.031414687381094,,,972.0284988551813
2022-02-17 11:56:00,892.2899780273438,892.3300170898438,890.4000244140625,890.5599975585938,890.5599975585938,44984,37.30696087882553,,,970.4265662665504
2022-02-17 11:58:00,890.52001953125,890.75927734375,888.7363891601562,889.27880859375,889.27880859375,91847,34.8281285840679,,,969.0304786236062
2022-02-17 12:00:00,889.1500244140625,890.22998046875,888.5,890.030029296875,890.030029296875,77069,37.1552101917826,,,969.8490697678754
2022-02-17 12:02:00,890.1651000976562,890.5899047851562,889.0,889.177978515625,889.177978515625,53413,37.121963985357304,,,968.920605974083
2022-02-17 12:04:00,889.2100219726562,890.6500244140625,889.1699829101562,890.22998046875,890.22998046875,46960,38.8551521161989,,,970.066952818625
2022-02-17 12:06:00,890.1400756835938,890.510009765625,888.8800048828125,888.9849853515625,888.9849853515625,60420,42.445805878342284,,,968.7103049342568
2022-02-17 12:08:00,888.75,888.75,887.2073974609375,888.2100219726562,888.2100219726562,88707,43.29264618752573,,,967.8658418404327
2022-02-17 12:10:00,888.27001953125,888.4600219726562,887.47998046875,887.8300170898438,887.8300170898438,45702,44.40979388287459,,,967.45175762982
2022-02-17 12:12:00,887.77001953125,889.5,887.10009765625,889.2899169921875,889.2899169921875,81594,45.867845895695055,,,969.0425832375367
2022-02-17 12:14:00,889.14501953125,889.1900024414062,887.7999877929688,887.9078979492188,887.9078979492188,51291,47.606691815200485,,,967.5366229450693
2022-02-17 12:16:00,887.7000122070312,888.6300048828125,887.4500122070312,888.5499877929688,888.5499877929688,182769,42.517724263197984,,,968.2362962338012
2022-02-17 12:18:00,888.3900146484375,888.489990234375,887.580078125,888.1900024414062,888.1900024414062,47157,44.167124244995755,,,967.8440269318106
2022-02-17 12:20:00,888.094970703125,889.7598876953125,887.89501953125,889.7598876953125,889.7598876953125,68056,46.36881472033377,,,969.5547015192132
2022-02-17 12:22:00,889.7299194335938,891.8800048828125,888.8699951171875,890.5889282226562,890.5889282226562,121369,53.07430441075431,,,970.4580914698639
2022-02-17 12:24:00,890.530029296875,891.7999267578125,890.4000854492188,891.219970703125,891.219970703125,52463,53.96044591820056,,,971.1457266535331
2022-02-17 12:26:00,891.02001953125,892.6900024414062,891.0,892.0805053710938,892.0805053710938,81258,54.34440538536959,,,972.083435179943
2022-02-17 12:28:00,892.1699829101562,892.739990234375,891.5244750976562,891.6699829101562,891.6699829101562,46824,54.73216487414404,,,971.6360965354552
2022-02-17 12:30:00,891.4400024414062,893.2999877929688,891.1900024414062,892.9000244140625,892.9000244140625,59382,57.0139747640822,,,972.9764497472247
2022-02-17 12:32:00,892.9550170898438,894.3499145507812,892.9550170898438,893.2899780273438,893.2899780273438,108669,57.624582021231696,,,973.4013749032806
2022-02-17 12:34:00,893.3699951171875,893.5999755859375,892.4010009765625,893.0599975585938,893.0599975585938,50648,58.99104655507574,,893.0599975585938,968.1507694895979
2022-02-17 12:36:00,892.9099731445312,892.9099731445312,892.02001953125,892.8098754882812,892.8098754882812,34944,63.26601420509017,,,968.1507694895979
2022-02-17 12:38:00,892.52001953125,892.8881225585938,891.75048828125,892.1500244140625,892.1500244140625,28502,64.37787956588302,,,968.1507694895979
2022-02-17 12:40:00,892.010009765625,892.010009765625,889.030029296875,889.030029296875,889.030029296875,70430,61.56395557147976,,,968.1507694895979
2022-02-17 12:42:00,889.219970703125,890.4400024414062,889.219970703125,889.8463134765625,889.8463134765625,41500,51.180064937207895,,,968.1507694895979
2022-02-17 12:44:00,889.7899780273438,890.280029296875,889.49951171875,889.97998046875,889.97998046875,26787,51.87737565279623,,,968.1507694895979
2022-02-17 12:46:00,890.0900268554688,890.4874877929688,888.4400024414062,888.8189697265625,888.8189697265625,72616,46.36729372844768,888.8189697265625,,963.1507694895979
2022-02-17 12:48:00,888.5499877929688,888.9398803710938,887.6500244140625,888.0499877929688,888.0499877929688,86065,41.8212833920368,,,962.3174777099543
2022-02-17 12:50:00,888.0,888.0700073242188,886.5700073242188,887.0029296875,887.0029296875,82718,41.78924515098774,,,961.182854289065
2022-02-17 12:52:00,887.105712890625,888.5770874023438,887.0499877929688,887.8499755859375,887.8499755859375,65428,41.783250087118134,,,962.1007385114551
2022-02-17 12:54:00,887.844970703125,888.4249877929688,887.2203979492188,887.4000244140625,887.4000244140625,43165,41.687446537789576,,,961.6131579892285
2022-02-17 12:56:00,887.1799926757812,888.3599853515625,887.1599731445312,887.780029296875,887.780029296875,38264,41.56249101000662,,,962.0249426245219
2022-02-17 12:58:00,887.6099853515625,888.0399780273438,887.3101196289062,887.6799926757812,887.6799926757812,35043,34.823649229794725,,,961.9165399555136
2022-02-17 13:00:00,887.8699951171875,887.9299926757812,887.1599731445312,887.8696899414062,887.8696899414062,34473,38.613804219693506,,,962.1221015755733
2022-02-17 13:02:00,887.8499755859375,888.0999755859375,887.2000122070312,887.3499755859375,887.3499755859375,55076,33.38161454376409,,,961.5589235849657
2022-02-17 13:04:00,887.47998046875,887.4998779296875,885.02001953125,885.8300170898438,885.8300170898438,133345,32.60669166238334,,,959.9118511833096
2022-02-17 13:06:00,885.9500122070312,887.6099853515625,885.8001708984375,887.1199951171875,887.1199951171875,71867,30.358291015175823,,,961.3097098834261
2022-02-17 13:08:00,887.0,887.1275024414062,886.0,886.1199951171875,886.1199951171875,35095,43.38650558086172,,,960.2260800304473
2022-02-17 13:10:00,885.97998046875,885.97998046875,883.0999755859375,883.1799926757812,883.1799926757812,125237,40.90081637720121,,,957.0402056171088
2022-02-17 13:12:00,883.3400268554688,883.4998779296875,881.7000122070312,881.8759765625,881.8759765625,122279,39.047209082771204,,,955.6271348279918
2022-02-17 13:14:00,881.8499755859375,883.9099731445312,881.8499755859375,883.6826171875,883.6826171875,86670,38.692443338855895,,,957.5848645428462
2022-02-17 13:16:00,883.8298950195312,884.9600219726562,882.6799926757812,882.7000122070312,882.7000122070312,89703,44.847417075156585,,,956.5200844523246
2022-02-17 13:18:00,882.7000122070312,882.7199096679688,881.3099975585938,881.9000244140625,881.9000244140625,65250,45.02765248446117,,,955.6531937978449
2022-02-17 13:20:00,881.72998046875,883.3300170898438,880.8800048828125,881.4000244140625,881.4000244140625,100157,46.174048732825256,,,955.1113788713556
2022-02-17 13:22:00,881.1599731445312,882.0,880.9700927734375,881.280029296875,881.280029296875,77465,46.04505699195904,,,954.9813485801594
2022-02-17 13:24:00,881.1489868164062,882.0,881.0,881.22998046875,881.22998046875,57349,52.815889398860364,,,954.9271141758966
2022-02-17 13:26:00,881.0800170898438,882.0700073242188,880.560302734375,881.7650146484375,881.7650146484375,64825,52.94349010314752,,,955.50689318537
2022-02-17 13:28:00,881.6920166015625,883.2999877929688,880.52001953125,883.2999877929688,883.2999877929688,84564,55.423493577503095,,,957.1702359083049
2022-02-17 13:30:00,883.0399780273438,884.0,882.4215698242188,883.77001953125,883.77001953125,63655,55.77763623185223,,,957.679576331754
2022-02-17 13:32:00,883.8759155273438,884.4199829101562,882.7999877929688,884.0028076171875,884.0028076171875,51169,53.95445031760336,,,957.9318324510937
2022-02-17 13:34:00,884.0,884.8298950195312,883.7000122070312,883.989990234375,883.989990234375,74688,48.7702620353443,,,957.917943152441
2022-02-17 13:36:00,884.0899047851562,884.27001953125,882.8200073242188,883.0800170898438,883.0800170898438,35976,52.200229589174526,,,956.9318690876179
2022-02-17 13:38:00,882.8800048828125,883.3099975585938,881.34130859375,881.77001953125,881.77001953125,43370,61.026047703287986,,881.77001953125,950.5123166257963
2022-02-17 13:40:00,881.77001953125,882.1699829101562,881.0,881.3900146484375,881.3900146484375,53622,60.99566087778308,,,950.5123166257963
2022-02-17 13:42:00,881.4749755859375,881.760009765625,881.0,881.1801147460938,881.1801147460938,68292,55.19020352627699,,,950.5123166257963
2022-02-17 13:44:00,881.780029296875,882.3900146484375,880.8001098632812,881.0599975585938,881.0599975585938,58016,59.239522571783745,,,950.5123166257963
2022-02-17 13:46:00,881.0789794921875,882.3120727539062,880.4099731445312,881.1799926757812,881.1799926757812,67600,63.327664557138476,,,950.5123166257963
2022-02-17 13:48:00,881.2498779296875,881.2498779296875,880.1199951171875,880.3756713867188,880.3756713867188,59311,59.78936347022028,,,950.5123166257963
2022-02-17 13:50:00,880.4400024414062,882.0499877929688,880.1199951171875,881.6300048828125,881.6300048828125,66474,54.933334106019274,,,950.5123166257963
2022-02-17 13:52:00,881.4655151367188,881.8300170898438,881.0,881.8200073242188,881.8200073242188,41821,56.35501494691269,,,950.5123166257963
2022-02-17 13:54:00,881.7899780273438,882.2100219726562,880.9099731445312,881.3599853515625,881.3599853515625,56271,54.20802172010503,,,950.5123166257963
2022-02-17 13:56:00,881.3021850585938,881.385009765625,880.5,881.114990234375,881.114990234375,37067,46.30030694442281,881.114990234375,,945.5123166257963
2022-02-17 13:58:00,881.219970703125,882.0,880.7000122070312,881.0599975585938,881.0599975585938,35425,47.59506584382835,,,945.4533047455632
2022-02-17 14:00:00,881.1300048828125,881.2984008789062,878.0601196289062,878.1799926757812,878.1799926757812,181018,53.63776198897109,,,942.3628113152819
2022-02-17 14:02:00,878.1699829101562,878.9661254882812,877.9400024414062,878.010009765625,878.010009765625,81775,41.421351955433664,,,942.1804050040173
2022-02-17 14:04:00,878.1900024414062,878.1900024414062,876.6099853515625,876.6099853515625,876.6099853515625,85735,44.00823501736806,,,940.6780581574146
2022-02-17 14:06:00,876.625,878.7000122070312,876.4600219726562,878.6500244140625,878.6500244140625,77536,43.67638237539535,,,942.8671958765203
2022-02-17 14:08:00,878.8812866210938,879.1599731445312,876.0,876.844970703125,876.844970703125,76764,56.107128907280924,,,940.9302176900426
2022-02-17 14:10:00,876.8099975585938,877.77001953125,876.8099975585938,877.489990234375,877.489990234375,52888,50.530609140434116,,,941.6223792331107
2022-02-17 14:12:00,877.489990234375,879.0800170898438,877.0001220703125,878.6491088867188,878.6491088867188,55141,46.509973353730686,,,942.8662134367828
2022-02-17 14:14:00,878.6500244140625,880.2105712890625,878.4000854492188,878.969970703125,878.969970703125,79748,51.972309466380665,,,943.2105258167893
2022-02-17 14:16:00,879.0,881.37060546875,878.97998046875,880.8699951171875,880.8699951171875,74181,48.26391024938894,,,945.2494157520382
2022-02-17 14:18:00,880.8699951171875,881.8198852539062,880.4500732421875,881.4290771484375,881.4290771484375,57395,50.98689330635378,,,945.8493589517453
2022-02-17 14:20:00,881.3599853515625,881.8400268554688,881.0930786132812,881.469970703125,881.469970703125,56110,52.41837551403417,,,945.8932412600208
2022-02-17 14:22:00,881.1699829101562,881.1699829101562,878.719970703125,878.75,878.75,58720,46.56762753858247,,,942.9744782958566
2022-02-17 14:24:00,878.9400024414062,879.1300048828125,877.5017700195312,878.5700073242188,878.5700073242188,69949,38.750062099458496,,,942.7813306434618
2022-02-17 14:26:00,878.4199829101562,878.5764770507812,877.8920288085938,878.3599853515625,878.3599853515625,32770,38.42427626069394,,,942.5559589676767
2022-02-17 14:28:00,878.4099731445312,880.0,878.1199951171875,879.8889770507812,879.8889770507812,50022,46.83489199453593,,,944.1966988253034
2022-02-17 14:30:00,879.6400756835938,881.1099243164062,879.6400756835938,880.25,880.25,67396,44.780694644302166,,,944.5841075617955
2022-02-17 14:32:00,880.2899780273438,880.3900146484375,879.2999877929688,880.0,880.0,43368,43.61731921805859,,,944.3158360174723
2022-02-17 14:34:00,880.1400146484375,880.8298950195312,879.0399780273438,879.760009765625,879.760009765625,49027,44.08268921666934,,,944.0583058142793
2022-02-17 14:36:00,879.780029296875,881.7568969726562,879.260009765625,881.489990234375,881.489990234375,65238,53.07558131440403,,,945.9147239422811
2022-02-17 14:38:00,881.410888671875,881.410888671875,879.1500244140625,879.52001953125,879.52001953125,62252,56.886315085440486,,,943.8007756110862
2022-02-17 14:40:00,879.5,880.6799926757812,879.103271484375,880.6799926757812,880.6799926757812,43238,49.77813907268107,,,945.0455267585133
2022-02-17 14:42:00,880.4400024414062,881.1998901367188,880.1699829101562,880.280029296875,880.280029296875,49425,52.83671082707745,,,944.6163315851858
2022-02-17 14:44:00,880.4500122070312,880.7000122070312,878.5700073242188,879.4450073242188,879.4450073242188,60413,51.25215864358686,,,943.7202810485928
2022-02-17 14:46:00,879.5900268554688,879.6799926757812,878.4000854492188,878.8099975585938,878.8099975585938,53237,53.12862596061681,,,943.0388608466549
2022-02-17 14:48:00,878.5296020507812,881.1599731445312,878.4099731445312,880.5999755859375,880.5999755859375,79668,59.10967537417636,,880.5999755859375,939.9596615254549
2022-02-17 14:50:00,880.5700073242188,880.72998046875,877.3599853515625,877.625,877.625,86315,69.0125629509952,,,939.9596615254549
2022-02-17 14:52:00,877.7100219726562,878.3900146484375,877.1987915039062,877.6799926757812,877.6799926757812,58187,58.3124825208683,,,939.9596615254549
2022-02-17 14:54:00,877.8400268554688,879.7587890625,877.8350219726562,879.2100219726562,879.2100219726562,72387,51.41067930618003,,,939.9596615254549
2022-02-17 14:56:00,879.2650146484375,879.2650146484375,877.8499755859375,878.77001953125,878.77001953125,55314,51.41459137334712,,,939.9596615254549
2022-02-17 14:58:00,878.4600219726562,878.5,877.25,878.2000732421875,878.2000732421875,43486,56.4128810648347,,,939.9596615254549
2022-02-17 15:00:00,878.110107421875,879.409912109375,876.969970703125,877.8150024414062,877.8150024414062,69625,55.415076577351726,,,939.9596615254549
2022-02-17 15:02:00,877.719970703125,879.3200073242188,877.239990234375,877.239990234375,877.239990234375,57277,54.97415847682297,,,939.9596615254549
2022-02-17 15:04:00,877.4000244140625,877.9299926757812,877.219970703125,877.6599731445312,877.6599731445312,67070,53.73569337557988,,,939.9596615254549
2022-02-17 15:06:00,877.6339721679688,879.119873046875,876.6500244140625,877.369873046875,877.369873046875,107050,53.77444336161478,,,939.9596615254549
2022-02-17 15:08:00,877.208984375,878.2899780273438,877.0499877929688,877.219970703125,877.219970703125,50215,54.582031596719965,,,939.9596615254549
2022-02-17 15:10:00,877.2000122070312,878.869384765625,876.5,878.760009765625,878.760009765625,94796,55.46867952956103,,,939.9596615254549
2022-02-17 15:12:00,878.780029296875,878.7999877929688,877.5,878.1392822265625,878.1392822265625,40334,58.64250540072725,,,939.9596615254549
2022-02-17 15:14:00,877.9600219726562,878.0599975585938,876.72998046875,877.6599731445312,877.6599731445312,51686,58.70010123717536,,,939.9596615254549
2022-02-17 15:16:00,877.5,877.8298950195312,876.6599731445312,877.2650146484375,877.2650146484375,54400,55.15615009148059,,,939.9596615254549
2022-02-17 15:18:00,877.2322998046875,878.9569091796875,876.8900146484375,878.6300048828125,878.6300048828125,61347,67.13319583180292,,,939.9596615254549
2022-02-17 15:20:00,878.75,880.6400146484375,878.3547973632812,880.6400146484375,880.6400146484375,122917,73.66604069662748,,,939.9596615254549
2022-02-17 15:22:00,880.4600219726562,880.5050048828125,878.5800170898438,878.5800170898438,878.5800170898438,73914,75.45369705189233,,,939.9596615254549
2022-02-17 15:24:00,878.6599731445312,880.1300048828125,878.4940795898438,879.5850219726562,879.5850219726562,47214,68.48034722385441,,,939.9596615254549
2022-02-17 15:26:00,879.760009765625,879.774169921875,878.0,878.0599975585938,878.0599975585938,53927,67.1830029427934,,,939.9596615254549
2022-02-17 15:28:00,878.2100219726562,878.3499145507812,877.5382080078125,877.9299926757812,877.9299926757812,42290,62.466877896422254,,,939.9596615254549
2022-02-17 15:30:00,877.75,880.489990234375,877.7100219726562,879.572998046875,879.572998046875,94827,64.22691965838389,,,939.9596615254549
2022-02-17 15:32:00,879.719970703125,879.7899780273438,876.1300048828125,876.239501953125,876.239501953125,133529,68.17049638483957,,,939.9596615254549
2022-02-17 15:34:00,876.2559814453125,877.4652099609375,876.0999755859375,877.1400146484375,877.1400146484375,146205,58.193251535543055,,,939.9596615254549
2022-02-17 15:36:00,877.3800048828125,877.5,875.7899780273438,877.010009765625,877.010009765625,128872,53.6123932702616,,,939.9596615254549
2022-02-17 15:38:00,877.1199951171875,879.4199829101562,877.010009765625,878.340087890625,878.340087890625,129048,56.0860066192217,,,939.9596615254549
2022-02-17 15:40:00,878.3800048828125,878.5355834960938,877.02001953125,878.1099853515625,878.1099853515625,71954,54.457657902291494,,,939.9596615254549
2022-02-17 15:42:00,878.25,879.0579833984375,877.02001953125,878.8975830078125,878.8975830078125,101553,55.236145142156246,,,939.9596615254549
2022-02-17 15:44:00,878.927978515625,880.3798828125,878.25,879.4899291992188,879.4899291992188,120063,51.124697794091,,,939.9596615254549
2022-02-17 15:46:00,879.3800048828125,879.3800048828125,877.239990234375,878.02001953125,878.02001953125,84396,48.89176806437003,,,939.9596615254549
2022-02-17 15:48:00,878.0,878.780029296875,877.1500244140625,877.1500244140625,877.1500244140625,62273,45.12704831457283,877.1500244140625,,934.959661525455
2022-02-17 15:50:00,877.4000244140625,877.7999877929688,875.1099853515625,875.9099731445312,875.9099731445312,179353,48.70948171613077,,,933.6378831717353
2022-02-17 15:52:00,875.9099731445312,876.280029296875,874.0999755859375,874.8074951171875,874.8074951171875,180120,48.49164308721977,,,932.4627449917266
2022-02-17 15:54:00,874.52001953125,877.8400268554688,874.489990234375,877.184326171875,877.184326171875,170230,49.703228004478106,,,934.9962239822542
2022-02-17 15:56:00,877.4069213867188,878.0,875.551025390625,875.598388671875,875.598388671875,180813,51.52233428122296,,,933.3057633461834
2022-02-17 15:58:00,875.593505859375,876.9299926757812,875.5700073242188,876.4099731445312,876.4099731445312,317273,49.02211997169024,,,934.1708362786738
2022-02-18 09:30:00,886.0,886.8699951171875,878.5,879.0,879.0,1012663,,,,936.9315619980267
2022-02-18 09:32:00,879.7100219726562,881.1768188476562,876.610107421875,877.0,877.0,154694,,,,934.7997495702724
2022-02-18 09:34:00,877.3599853515625,877.3599853515625,866.6801147460938,866.969970703125,866.969970703125,298378,,,,924.1086790173633
2022-02-18 09:36:00,867.0499877929688,869.0,866.0,868.0800170898438,868.0800170898438,224834,,,,925.2918843586588
2022-02-18 09:38:00,868.4400024414062,869.89990234375,863.27001953125,863.6400146484375,863.6400146484375,269869,,,,920.5592581667341
2022-02-18 09:40:00,863.6998901367188,864.280029296875,861.02001953125,861.4299926757812,861.4299926757812,202140,,,,918.2035820132747
2022-02-18 09:42:00,861.8734130859375,865.1473999023438,861.0700073242188,863.5,863.5,185029,,,,920.4100156829307
2022-02-18 09:44:00,863.4500122070312,865.8499145507812,863.4400024414062,864.1900024414062,864.1900024414062,139238,,,,921.1454935728161
2022-02-18 09:46:00,864.5399780273438,868.1900024414062,862.8300170898438,867.6099853515625,867.6099853515625,179640,,,,924.7908746081054
2022-02-18 09:48:00,867.4099731445312,868.0999755859375,864.510986328125,866.3099975585938,866.3099975585938,193205,,,,923.4052095416155
2022-02-18 09:50:00,866.4561157226562,871.7899780273438,866.4561157226562,871.7899780273438,871.7899780273438,213179,,,,929.2463547751815
2022-02-18 09:52:00,871.7999877929688,877.1599731445312,870.3798828125,877.0900268554688,877.0900268554688,219311,,,,934.8957097549325
2022-02-18 09:54:00,877.1849975585938,879.969970703125,875.6699829101562,876.9238891601562,876.9238891601562,220134,,,,934.7186225531395
2022-02-18 09:56:00,877.0599975585938,878.47802734375,875.75,876.4500122070312,876.4500122070312,130266,,,,934.2135141641904
2022-02-18 09:58:00,876.3900146484375,876.9699096679688,875.0999755859375,875.614990234375,875.614990234375,96836,50.55356152307112,,,933.3234590548122
2022-02-18 10:00:00,875.7340698242188,875.9899291992188,871.4000244140625,871.4000244140625,871.4000244140625,157061,52.00640813946136,,,928.8307007956613
2022-02-18 10:02:00,871.3732299804688,871.47998046875,866.239990234375,866.739990234375,866.739990234375,213289,60.71623607501037,,866.739990234375,918.8635414066524
2022-02-18 10:04:00,866.75,869.3900146484375,866.4000244140625,868.5499877929688,868.5499877929688,133357,59.723534197141205,,,918.8635414066524
2022-02-18 10:06:00,868.5399780273438,869.3300170898438,863.9400024414062,864.5599975585938,864.5599975585938,178514,61.23974949888968,,,918.8635414066524
2022-02-18 10:08:00,865.239990234375,867.2772827148438,864.219970703125,867.2772827148438,867.2772827148438,104242,58.33592580508443,,,918.8635414066524
2022-02-18 10:10:00,867.2999877929688,869.97998046875,865.1099853515625,865.614990234375,865.614990234375,163748,59.15755124246661,,,918.8635414066524
2022-02-18 10:12:00,865.5841064453125,867.3150024414062,865.0,865.9000244140625,865.9000244140625,103273,63.39374007787649,,,918.8635414066524
2022-02-18 10:14:00,866.2000122070312,872.2698974609375,864.2000122070312,871.1900024414062,871.1900024414062,195086,59.047852937989816,,,918.8635414066524
2022-02-18 10:16:00,871.0,871.260009765625,865.5599975585938,865.6699829101562,865.6699829101562,122504,60.35598395582307,,,918.8635414066524
2022-02-18 10:18:00,865.5599975585938,865.5599975585938,861.510009765625,862.8400268554688,862.8400268554688,166224,53.38063198486697,,,918.8635414066524
2022-02-18 10:20:00,862.8300170898438,864.2659301757812,858.2501220703125,858.469970703125,858.469970703125,229371,48.27735063177422,,,918.8635414066524
2022-02-18 10:22:00,858.280029296875,859.8499145507812,856.72998046875,858.72998046875,858.72998046875,144670,44.320080544963794,858.72998046875,,913.8635414066525
2022-02-18 10:24:00,858.5050048828125,859.7999877929688,857.5001220703125,857.9901123046875,857.9901123046875,96747,37.12256195006277,,,913.0761710388273
2022-02-18 10:26:00,858.0700073242188,859.3699951171875,856.1099853515625,858.669677734375,858.669677734375,120186,37.20182156926011,,,913.7993670193063
2022-02-18 10:28:00,858.4741821289062,858.5798950195312,855.9500122070312,857.0,857.0,100463,35.14498203578191,,,912.0224899542818
2022-02-18 10:30:00,856.6400146484375,857.1699829101562,852.77001953125,853.7899780273438,853.7899780273438,207453,38.266889472427785,,,908.6063729970941
2022-02-18 10:32:00,853.9099731445312,855.9639892578125,853.3931884765625,855.260009765625,855.260009765625,116355,38.10603519810547,,,910.1707860732424
2022-02-18 10:34:00,855.469970703125,857.2496948242188,854.7901000976562,856.8499755859375,856.8499755859375,121298,38.43193641374153,,,911.8628334319163
2022-02-18 10:36:00,856.6400146484375,858.0499877929688,855.1400146484375,857.5999755859375,857.5999755859375,114044,35.834282961901295,,,912.6609861360771
2022-02-18 10:38:00,857.2999877929688,858.0499877929688,853.7000732421875,854.8699951171875,854.8699951171875,134553,32.548327924368564,,,909.7557310781589
2022-02-18 10:40:00,854.9500122070312,855.8900146484375,852.7000122070312,855.1898803710938,855.1898803710938,164007,35.728967554551545,,,910.0961541187273
2022-02-18 10:42:00,855.0800170898438,857.0,854.22998046875,855.2899780273438,855.2899780273438,109335,21.918096379819275,,,910.2026784054154
2022-02-18 10:44:00,854.780029296875,857.2899780273438,854.6900024414062,855.4199829101562,855.4199829101562,82600,22.176740841077773,,,910.3410300704434
2022-02-18 10:46:00,855.5700073242188,857.27001953125,854.6699829101562,854.8200073242188,854.8200073242188,74820,20.660307501365807,,,909.7025338886481
2022-02-18 10:48:00,854.8049926757812,855.389892578125,852.5800170898438,855.3300170898438,855.3300170898438,115102,27.01266572588372,,,910.2452881200907
2022-02-18 10:50:00,855.3800048828125,856.3699951171875,854.110107421875,854.9199829101562,854.9199829101562,101181,27.93103194048851,,,909.8089282676696
2022-02-18 10:52:00,854.5399780273438,856.4598999023438,854.1500854492188,854.5800170898438,854.5800170898438,79689,28.6931495436816,,,909.44713541593
2022-02-18 10:54:00,854.7000122070312,855.6375732421875,854.3200073242188,854.6099853515625,854.6099853515625,61736,31.78240794527005,,,909.4790277481031
2022-02-18 10:56:00,854.1199951171875,856.3040161132812,852.4600219726562,853.7899780273438,853.7899780273438,145398,29.582133616131287,,,908.6063729970941
2022-02-18 10:58:00,853.7899780273438,854.2100219726562,851.6900024414062,852.8402099609375,852.8402099609375,108294,38.46153846153846,,,907.5956263963906
2022-02-18 11:00:00,852.7949829101562,852.9099731445312,847.67626953125,847.8660278320312,847.8660278320312,367992,33.4476772446358,,,902.3020838401582
2022-02-18 11:02:00,847.6500244140625,848.89990234375,843.010009765625,843.8800048828125,843.8800048828125,351086,16.550018195279264,,,898.0601438458042
2022-02-18 11:04:00,844.0994873046875,846.0,842.319580078125,844.7816772460938,844.7816772460938,238393,10.534962915550096,,,899.0197068258307
2022-02-18 11:06:00,844.77001953125,846.8193969726562,844.0,845.798095703125,845.798095703125,127155,16.131998516870595,,,900.1013830125485
2022-02-18 11:08:00,845.989990234375,846.0,843.5700073242188,844.3499145507812,844.3499145507812,115807,20.61098709795168,,,898.5602234087382
2022-02-18 11:10:00,844.010009765625,845.5700073242188,843.0999755859375,844.9340209960938,844.9340209960938,115048,23.435989799986046,,,899.1818315938633
2022-02-18 11:12:00,844.8900146484375,845.739990234375,843.5599975585938,843.8300170898438,843.8300170898438,92470,26.46000017253175,,,898.0069466562935
2022-02-18 11:14:00,844.02001953125,846.8099975585938,843.719970703125,845.6199951171875,845.6199951171875,127686,25.754347302357033,,,899.9118477268437
2022-02-18 11:16:00,845.239990234375,848.126220703125,845.0,847.8353881835938,847.8353881835938,102407,33.01300037819918,,,902.2694770158183
2022-02-18 11:18:00,848.0,850.3499755859375,847.3701171875,849.4650268554688,849.4650268554688,162773,35.89361224422383,,,904.0037443661674
2022-02-18 11:20:00,849.3300170898438,850.2999877929688,848.880126953125,850.0698852539062,850.0698852539062,130348,34.51448754197348,,,904.6474368546304
2022-02-18 11:22:00,849.9299926757812,851.25,849.4099731445312,849.7000122070312,849.7000122070312,107322,36.067713524867955,,,904.2538166245512
2022-02-18 11:24:00,849.5,851.5,848.5700073242188,851.239990234375,851.239990234375,113561,36.86648992303931,,,905.8926667937144
2022-02-18 11:26:00,851.1099243164062,852.219970703125,849.6599731445312,850.1898803710938,850.1898803710938,120083,35.09988802939655,,,904.7751360909895
2022-02-18 11:28:00,850.0999755859375,850.3499755859375,848.2999877929688,848.4400024414062,848.4400024414062,58769,44.67511155451811,,,902.9129096889478
2022-02-18 11:30:00,848.6599731445312,848.6599731445312,846.247802734375,848.3599243164062,848.3599243164062,107653,52.898471084371394,,,902.8276902595974
2022-02-18 11:32:00,848.3400268554688,849.1799926757812,846.125,846.1849975585938,846.1849975585938,70088,58.084534651245114,,846.1849975585938,895.5131253621314
2022-02-18 11:34:00,846.2849731445312,847.25,845.6400146484375,846.08642578125,846.08642578125,68343,55.02084694402557,,,895.5131253621314
2022-02-18 11:36:00,846.19921875,849.1300048828125,846.1510009765625,849.1300048828125,849.1300048828125,62338,59.55272981699818,,,895.5131253621314
2022-02-18 11:38:00,849.1799926757812,851.14990234375,848.5900268554688,850.0050048828125,850.0050048828125,107465,65.58026353257915,,,895.5131253621314
2022-02-18 11:40:00,850.1903076171875,853.3800048828125,850.1099853515625,852.780029296875,852.780029296875,104176,64.48100729250889,,,895.5131253621314
2022-02-18 11:42:00,852.739990234375,852.739990234375,850.8391723632812,851.030029296875,851.030029296875,79679,66.31020024378985,,,895.5131253621314
2022-02-18 11:44:00,850.60009765625,853.6300048828125,850.4299926757812,852.8798828125,852.8798828125,90768,62.67389723481928,,,895.5131253621314
2022-02-18 11:46:00,852.4550170898438,852.8569946289062,851.469970703125,852.0,852.0,57605,63.159622161068455,,,895.5131253621314
2022-02-18 11:48:00,852.0,852.2999877929688,848.2501220703125,848.4500122070312,848.4500122070312,117958,66.42902809442816,,,895.5131253621314
2022-02-18 11:50:00,848.594970703125,849.1599731445312,846.4918212890625,847.2269287109375,847.2269287109375,92269,58.737891045295505,,,895.5131253621314
2022-02-18 11:52:00,847.1621704101562,847.7999877929688,846.3201293945312,847.0399780273438,847.0399780273438,63529,60.48836887714338,,,895.5131253621314
2022-02-18 11:54:00,846.6400146484375,848.2098999023438,846.5499877929688,848.0795288085938,848.0795288085938,48316,62.17716620930646,,,895.5131253621314
2022-02-18 11:56:00,847.9099731445312,848.869873046875,846.5399780273438,846.7150268554688,846.7150268554688,55044,60.66084107572849,,,895.5131253621314
2022-02-18 11:58:00,846.8126220703125,847.3599243164062,844.52001953125,846.4722900390625,846.4722900390625,123381,57.72740266580386,,,895.5131253621314
2022-02-18 12:00:00,846.1699829101562,847.530029296875,845.8499755859375,846.239990234375,846.239990234375,58128,62.25630944963964,,,895.5131253621314
2022-02-18 12:02:00,846.0200805664062,846.5537109375,845.4099731445312,846.5537109375,846.5537109375,46142,61.92009559660127,,,895.5131253621314
2022-02-18 12:04:00,846.2000122070312,848.280029296875,846.0,847.330078125,847.330078125,61196,53.76473320420706,,,895.5131253621314
2022-02-18 12:06:00,847.4000244140625,848.1699829101562,846.6900024414062,847.7705078125,847.7705078125,44154,53.40417471956608,,,895.5131253621314
2022-02-18 12:08:00,848.0700073242188,849.9799194335938,847.0,849.9799194335938,849.9799194335938,60519,42.85642423220209,849.9799194335938,,890.5131253621314
2022-02-18 12:10:00,849.8599853515625,850.8099975585938,849.5599975585938,850.1400146484375,850.1400146484375,80093,50.17769638172548,,,890.6808550777005
2022-02-18 12:12:00,849.971923828125,850.1400146484375,848.5,849.0,849.0,55289,42.870980680020885,,,889.4864762643572
2022-02-18 12:14:00,848.530029296875,849.72998046875,848.510009765625,848.97998046875,848.97998046875,37180,42.05710162271474,,,889.4655020566917
2022-02-18 12:16:00,848.968994140625,852.6939697265625,848.510009765625,851.8900146484375,851.8900146484375,77850,56.6514532116257,,,892.5143077672913
2022-02-18 12:18:00,852.010009765625,853.2899780273438,850.9099731445312,851.52001953125,851.52001953125,101504,67.86081132420605,,851.52001953125,887.1266686000097
2022-02-18 12:20:00,851.9899291992188,853.010009765625,851.0200805664062,851.2269897460938,851.2269897460938,61581,66.63068810298273,,,887.1266686000097
2022-02-18 12:22:00,851.2000122070312,851.6500244140625,850.1600952148438,850.8800048828125,850.8800048828125,49957,68.4467346724156,,,887.1266686000097
2022-02-18 12:24:00,850.9400024414062,851.4400024414062,850.4000244140625,850.989990234375,850.989990234375,47696,75.02319764392625,,,887.1266686000097
2022-02-18 12:26:00,850.989990234375,851.3800048828125,849.4183959960938,850.1699829101562,850.1699829101562,45211,71.1735238358297,,,887.1266686000097
2022-02-18 12:28:00,850.5900268554688,851.3400268554688,849.884521484375,849.9544067382812,849.9544067382812,43508,66.48494758065698,,,887.1266686000097
2022-02-18 12:30:00,850.530029296875,851.280029296875,847.980224609375,849.2899780273438,849.2899780273438,113758,70.62561987785143,,,887.1266686000097
2022-02-18 12:32:00,849.0,850.4500122070312,848.3599853515625,848.7899780273438,848.7899780273438,47119,70.67691843811247,,,887.1266686000097
2022-02-18 12:34:00,848.9885864257812,850.5093994140625,848.260009765625,849.4099731445312,849.4099731445312,52934,73.50917664557115,,,887.1266686000097
2022-02-18 12:36:00,849.5,849.5,846.010009765625,846.5050048828125,846.5050048828125,94775,66.17683009642809,,,887.1266686000097
2022-02-18 12:38:00,846.2899780273438,846.6500244140625,845.0399780273438,845.1900024414062,845.1900024414062,86553,62.51611699417796,,,887.1266686000097
2022-02-18 12:40:00,845.2188110351562,846.760009765625,845.0399780273438,846.3800048828125,846.3800048828125,53219,61.95750304135937,,,887.1266686000097
2022-02-18 12:42:00,846.219970703125,847.3599243164062,845.5900268554688,845.8400268554688,845.8400268554688,75021,59.393468857446166,,,887.1266686000097
2022-02-18 12:44:00,845.6799926757812,845.7705078125,843.75,844.0,844.0,139324,44.537101272812215,844.0,,882.1266686000098
2022-02-18 12:46:00,844.1300048828125,845.4498901367188,843.8250122070312,844.3900146484375,844.3900146484375,56488,40.40381984805379,,,882.5343016835777
2022-02-18 12:48:00,844.2949829101562,846.0,844.2849731445312,845.7100219726562,845.7100219726562,43297,36.23344421053975,,,883.9139387255691
2022-02-18 12:50:00,845.6300048828125,845.9000244140625,843.2606811523438,844.9299926757812,844.9299926757812,54224,39.75910158629616,,,883.0986725584331
2022-02-18 12:52:00,844.9755249023438,847.2000122070312,844.7899780273438,846.75,846.75,89321,45.257236128501226,,,885.0008964894055
2022-02-18 12:54:00,846.4199829101562,846.6500244140625,844.10009765625,844.1699829101562,844.1699829101562,58247,49.37596469396451,,,882.3043302804068
2022-02-18 12:56:00,844.419921875,845.8800048828125,844.419921875,845.5,845.5,39076,43.44025078774586,,,883.6944292669529
2022-02-18 12:58:00,845.510009765625,845.510009765625,843.1824951171875,843.530029296875,843.530029296875,57129,42.65885806441539,,,881.6354675446931
2022-02-18 13:00:00,843.5750122070312,844.39990234375,842.6400146484375,843.02001953125,843.02001953125,61045,39.477638898923495,,,881.1024187111573
2022-02-18 13:02:00,843.1688232421875,843.8189697265625,841.5601196289062,842.9000244140625,842.9000244140625,105134,43.76149578632696,,,880.9770029611894
2022-02-18 13:04:00,842.97998046875,843.8499755859375,842.4099731445312,842.9099731445312,842.9099731445312,55725,50.06477550803949,,,880.9874011133993
2022-02-18 13:06:00,842.8200073242188,843.3900146484375,842.1600952148438,843.3499755859375,843.3499755859375,46356,45.87920919790318,,,881.4472801273964
2022-02-18 13:08:00,843.10009765625,844.25,842.9500122070312,843.6199951171875,843.6199951171875,47040,42.62116903721942,,,881.7294974609965
2022-02-18 13:10:00,843.6199951171875,843.7899169921875,841.5999755859375,841.919921875,841.919921875,51776,38.010823845722086,,,879.9526254876472
2022-02-18 13:12:00,841.7000122070312,842.0,841.0999755859375,841.9199829101562,841.9199829101562,63794,38.43835468610617,,,879.952689279992
2022-02-18 13:14:00,841.8499755859375,841.8499755859375,839.0900268554688,839.9199829101562,839.9199829101562,251485,36.73902320473816,,,877.8623417240678
2022-02-18 13:16:00,840.0250244140625,840.0250244140625,838.2000122070312,838.260009765625,838.260009765625,97390,31.85195285168375,,,876.1273813212825
2022-02-18 13:18:00,838.2100219726562,839.739990234375,837.6099853515625,838.9381103515625,838.9381103515625,138632,29.990263362200892,,,876.8361142725252
2022-02-18 13:20:00,838.8444213867188,840.4000244140625,838.3300170898438,839.8699951171875,839.8699951171875,85171,23.193680717916934,,,877.8100957936388
2022-02-18 13:22:00,839.7752075195312,841.4799194335938,839.760009765625,840.7152709960938,840.7152709960938,99574,28.269958317455206,,,878.6935559774154
2022-02-18 13:24:00,840.8900146484375,843.02001953125,840.8900146484375,841.6046142578125,841.6046142578125,100423,25.479832465758903,,,879.6230742341711
2022-02-18 13:26:00,841.6275024414062,842.0,840.8499755859375,841.663818359375,841.663818359375,48912,29.780351184103793,,,879.684952808672
2022-02-18 13:28:00,841.5220947265625,841.8198852539062,839.7050170898438,841.1699829101562,841.1699829101562,80953,25.062944845014272,,,879.1688089465205
2022-02-18 13:30:00,840.8298950195312,841.8499755859375,840.260009765625,841.6599731445312,841.6599731445312,44764,23.844016057170577,,,879.6809338909467
2022-02-18 13:32:00,841.6580200195312,843.4400024414062,841.4600219726562,842.4857177734375,842.4857177734375,78519,25.900713359830362,,,880.5439805243726
2022-02-18 13:34:00,842.5999755859375,843.619873046875,841.8800048828125,842.0549926757812,842.0549926757812,57954,27.474604895016768,,,880.093797946792
2022-02-18 13:36:00,841.97998046875,844.6699829101562,841.8300170898438,844.3800048828125,844.3800048828125,97638,31.943230394773153,,,882.523839739023
2022-02-18 13:38:00,844.1900024414062,846.8099975585938,844.080078125,846.7000122070312,846.7000122070312,98502,40.580015874229694,,,884.9486505589764
2022-02-18 13:40:00,846.8900146484375,847.0850830078125,845.072021484375,845.260009765625,845.260009765625,71167,47.58473265396791,,,883.4435977670172
2022-02-18 13:42:00,845.2637939453125,846.4500122070312,845.0599975585938,845.130126953125,845.130126953125,58363,50.83974094526151,,,883.3078476571842
2022-02-18 13:44:00,845.0999755859375,846.4000244140625,845.0999755859375,846.0147094726562,846.0147094726562,57862,62.52601786789494,,846.0147094726562,879.2323901110419
2022-02-18 13:46:00,845.9865112304688,848.780029296875,845.8699951171875,847.5999755859375,847.5999755859375,110870,63.035628685045964,,,879.2323901110419
2022-02-18 13:48:00,847.7449951171875,847.7449951171875,845.9140014648438,846.3599243164062,846.3599243164062,76685,64.56066111115928,,,879.2323901110419
2022-02-18 13:50:00,846.2562866210938,848.7498779296875,846.0999755859375,848.219970703125,848.219970703125,71184,61.08466340389942,,,879.2323901110419
2022-02-18 13:52:00,848.280029296875,848.5999145507812,846.1900024414062,846.4600219726562,846.4600219726562,69098,63.39860679494043,,,879.2323901110419
2022-02-18 13:54:00,846.4299926757812,848.5999755859375,846.2800903320312,847.2949829101562,847.2949829101562,88985,61.61756993566047,,,879.2323901110419
2022-02-18 13:56:00,847.2999877929688,848.2849731445312,846.9099731445312,848.0698852539062,848.0698852539062,49374,58.168299454319175,,,879.2323901110419
2022-02-18 13:58:00,847.6099853515625,848.7979736328125,846.7999877929688,846.8303833007812,846.8303833007812,79007,58.78228387802715,,,879.2323901110419
2022-02-18 14:00:00,846.9849853515625,849.5,846.3759765625,849.0457763671875,849.0457763671875,65809,59.248988721051,,,879.2323901110419
2022-02-18 14:02:00,848.9600219726562,848.9600219726562,846.8300170898438,847.0999755859375,847.0999755859375,59070,57.93193292074531,,,879.2323901110419
2022-02-18 14:04:00,846.93359375,847.97998046875,846.630126953125,846.8800048828125,846.8800048828125,45764,53.65581184017942,,,879.2323901110419
2022-02-18 14:06:00,847.1900024414062,847.2150268554688,844.4000244140625,844.8499755859375,844.8499755859375,98999,54.40030989572427,,,879.2323901110419
2022-02-18 14:08:00,844.7000122070312,845.3198852539062,843.9550170898438,844.252197265625,844.252197265625,43200,52.62495147105987,,,879.2323901110419
2022-02-18 14:10:00,844.330810546875,845.3400268554688,843.75,844.125,844.125,59412,51.29738285710525,,,879.2323901110419
2022-02-18 14:12:00,844.4099731445312,844.8300170898438,844.0001220703125,844.3300170898438,844.3300170898438,28411,55.94577363333329,,,879.2323901110419
2022-02-18 14:14:00,844.4500122070312,846.3400268554688,843.8300170898438,846.3400268554688,846.3400268554688,52170,50.71088615443629,,,879.2323901110419
2022-02-18 14:16:00,846.1699829101562,848.373291015625,846.1699829101562,847.8499755859375,847.8499755859375,88567,53.783635065291996,,,879.2323901110419
2022-02-18 14:18:00,848.0,848.280029296875,847.5,847.5900268554688,847.5900268554688,66940,52.65522699452908,,,879.2323901110419
2022-02-18 14:20:00,847.7100219726562,848.5599975585938,846.4796142578125,848.2899169921875,848.2899169921875,80488,57.84162906506441,,,879.2323901110419
2022-02-18 14:22:00,848.0001220703125,850.3099975585938,847.3001098632812,849.4439086914062,849.4439086914062,116327,57.40082777389299,,,879.2323901110419
2022-02-18 14:24:00,849.5723876953125,852.6099243164062,849.4478759765625,852.0,852.0,134847,58.61527657289214,,,879.2323901110419
2022-02-18 14:26:00,851.75,852.7498779296875,850.7249755859375,852.7498779296875,852.7498779296875,84562,63.132931715195696,,,879.2323901110419
2022-02-18 14:28:00,852.5001220703125,857.8800048828125,852.5001220703125,857.2650146484375,857.2650146484375,216604,59.51385306841667,,,879.2323901110419
2022-02-18 14:30:00,857.1500244140625,860.4199829101562,856.280029296875,860.4199829101562,860.4199829101562,213100,72.13650489277686,,,879.2323901110419
2022-02-18 14:32:00,860.4998779296875,863.0800170898438,859.1099853515625,860.469970703125,860.469970703125,248977,70.93376536514468,,,879.2323901110419
2022-02-18 14:34:00,860.6021728515625,861.5800170898438,859.0900268554688,860.6005859375,860.6005859375,113097,83.49215117617273,,,879.2323901110419
2022-02-18 14:36:00,860.5999755859375,860.8499755859375,858.2899780273438,858.8099975585938,858.8099975585938,92033,88.71284758227199,,,879.2323901110419
2022-02-18 14:38:00,858.77001953125,858.969970703125,856.760009765625,857.72998046875,857.72998046875,111757,59.740986942587035,,,879.2323901110419
2022-02-18 14:40:00,857.6152954101562,858.1724853515625,856.72998046875,857.4400024414062,857.4400024414062,155371,61.30201943839604,,,879.2323901110419
2022-02-18 14:42:00,857.510009765625,858.9699096679688,856.780029296875,857.05029296875,857.05029296875,115873,65.3585110927655,,,879.2323901110419
2022-02-18 14:44:00,856.9500122070312,857.1898803710938,855.510009765625,856.4600219726562,856.4600219726562,81885,68.09334792533546,,,879.2323901110419
2022-02-18 14:46:00,856.28369140625,856.7100219726562,855.2800903320312,855.6699829101562,855.6699829101562,44321,66.26052120653736,,,879.2323901110419
2022-02-18 14:48:00,855.75,856.3206176757812,853.3800048828125,853.39501953125,853.39501953125,178349,68.15391832599431,,,879.2323901110419
2022-02-18 14:50:00,853.3900146484375,853.989990234375,852.219970703125,853.8599853515625,853.8599853515625,134619,64.36714015432575,,,879.2323901110419
2022-02-18 14:52:00,853.4539794921875,854.4600219726562,852.860107421875,853.7650146484375,853.7650146484375,68412,59.47841189533913,,,879.2323901110419
2022-02-18 14:54:00,853.8200073242188,858.9998779296875,853.4500122070312,858.5700073242188,858.5700073242188,172480,64.57015708419135,,,879.2323901110419
2022-02-18 14:56:00,858.4199829101562,858.9899291992188,856.25,856.7000122070312,856.7000122070312,107980,65.35002236379522,,,879.2323901110419
2022-02-18 14:58:00,856.9500122070312,858.919921875,856.0,858.4699096679688,858.4699096679688,80447,57.21561195912631,,,879.2323901110419
2022-02-18 15:00:00,858.4400024414062,861.7899780273438,858.1193237304688,860.8699951171875,860.8699951171875,127404,63.758699268962914,,,879.2323901110419
2022-02-18 15:02:00,861.0,862.8275756835938,859.6300048828125,860.3200073242188,860.3200073242188,111240,69.84409245269386,,,879.2323901110419
2022-02-18 15:04:00,860.6754760742188,861.1998901367188,857.9500122070312,859.3099975585938,859.3099975585938,103589,72.81458325486798,,,879.2323901110419
2022-02-18 15:06:00,859.0,859.4550170898438,857.010009765625,857.5,857.5,66994,72.9897581857957,,,879.2323901110419
2022-02-18 15:08:00,857.489990234375,858.280029296875,856.0,858.0294189453125,858.0294189453125,63200,69.36642248467633,,,879.2323901110419
2022-02-18 15:10:00,858.1699829101562,860.3380126953125,857.8200073242188,858.9982299804688,858.9982299804688,80001,63.954298780726546,,,879.2323901110419
2022-02-18 15:12:00,858.9299926757812,859.1199951171875,856.739990234375,857.2103881835938,857.2103881835938,55094,60.304812888208836,,,879.2323901110419
2022-02-18 15:14:00,857.3049926757812,858.6799926757812,856.580078125,857.5,857.5,43523,57.589329366964826,,,879.2323901110419
2022-02-18 15:16:00,857.5999145507812,859.2885131835938,856.9500122070312,858.3099975585938,858.3099975585938,87455,57.467213985367344,,,879.2323901110419
2022-02-18 15:18:00,858.1300048828125,858.5399169921875,854.6199951171875,854.6599731445312,854.6599731445312,95317,58.20529900939038,,,879.2323901110419
2022-02-18 15:20:00,854.8599853515625,859.2000122070312,854.8599853515625,857.8400268554688,857.8400268554688,107445,48.15923287541337,,,879.2323901110419
2022-02-18 15:22:00,857.5401000976562,857.5599975585938,855.6699829101562,856.3699951171875,856.3699951171875,83874,44.399506387631,856.3699951171875,,874.2323901110419
2022-02-18 15:24:00,856.1900024414062,857.0700073242188,855.77001953125,856.7299194335938,856.7299194335938,47676,45.343856979311134,,,874.5998218253535
2022-02-18 15:26:00,856.0,857.8515014648438,855.0,857.4000244140625,857.4000244140625,69159,41.58992220750512,,,875.2839040351936
2022-02-18 15:28:00,857.3150024414062,857.9500122070312,855.0,855.5,855.5,58836,36.214669179657754,,,873.3442484024109
2022-02-18 15:30:00,854.9301147460938,855.4600219726562,850.5999755859375,851.3200073242188,851.3200073242188,128671,33.415017749883916,,,869.0770683185327
2022-02-18 15:32:00,851.7799072265625,853.334716796875,850.5900268554688,850.8905029296875,850.8905029296875,101000,28.28131807576861,,,868.6386052061687
2022-02-18 15:34:00,850.739990234375,852.6500244140625,850.5900268554688,851.5150146484375,851.5150146484375,87250,30.309189547580843,,,869.2761431578112
2022-02-18 15:36:00,851.4000854492188,852.6199951171875,850.5399780273438,851.6290893554688,851.6290893554688,55886,30.602986996997856,,,869.3925972656709
2022-02-18 15:38:00,851.8699951171875,853.4298706054688,851.7999877929688,852.0,852.0,75506,27.86976765115753,,,869.7712444638855
2022-02-18 15:40:00,851.760009765625,855.5999755859375,851.7000122070312,855.5999755859375,855.5999755859375,114327,25.649555256827227,,,873.4463093059284
2022-02-18 15:42:00,855.6099853515625,857.989990234375,854.489990234375,855.010009765625,855.010009765625,124815,34.335304737702984,,,872.8440378203363
2022-02-18 15:44:00,854.6500244140625,858.2299194335938,853.8200073242188,857.27001953125,857.27001953125,129514,38.486689201378425,,,875.1511874756746
2022-02-18 15:46:00,857.0399780273438,857.22998046875,853.1300048828125,855.030029296875,855.030029296875,101605,44.91445542884102,,,872.8644749243374
2022-02-18 15:48:00,854.6500244140625,856.4998779296875,854.1500244140625,856.4998779296875,856.4998779296875,72818,38.812598557330446,,,874.3649820540732
2022-02-18 15:50:00,855.489990234375,856.6799926757812,853.6500244140625,853.8800048828125,853.8800048828125,113071,38.78894370345332,,,871.6904629926672
2022-02-18 15:52:00,853.8300170898438,854.2999877929688,853.0001220703125,853.6500244140625,853.6500244140625,107051,39.49974592958015,,,871.4556855296307
2022-02-18 15:54:00,853.7305297851562,857.159912109375,853.4400024414062,856.2000122070312,856.2000122070312,178447,44.68250121182744,,,874.0588616517647
2022-02-18 15:56:00,856.1199951171875,856.72998046875,855.0,856.1640014648438,856.1640014648438,159309,47.793133287971706,,,874.0220997878604
2022-02-18 15:58:00,856.3099975585938,857.0,855.77001953125,856.97998046875,856.97998046875,311885,60.51765486202648,,856.97998046875,869.8550987006349
2022-02-22 09:30:00,842.2988891601562,844.989990234375,841.260009765625,842.7655029296875,842.7655029296875,1281246,,,,869.8550987006349
2022-02-22 09:32:00,843.0050048828125,844.5,836.219970703125,837.2750244140625,837.2750244140625,224930,,,,869.8550987006349
2022-02-22 09:34:00,837.0654907226562,839.4998779296875,827.0499877929688,830.4949951171875,830.4949951171875,365209,,,,869.8550987006349
2022-02-22 09:36:00,830.2999877929688,835.4500122070312,829.5399780273438,834.7799072265625,834.7799072265625,241969,,,,869.8550987006349
2022-02-22 09:38:00,834.5399780273438,837.2799072265625,832.777099609375,833.7092895507812,833.7092895507812,205799,,,,869.8550987006349
2022-02-22 09:40:00,833.760009765625,840.25,831.489990234375,837.5737915039062,837.5737915039062,216721,,,,869.8550987006349
2022-02-22 09:42:00,837.489990234375,841.102783203125,837.110107421875,838.8699951171875,838.8699951171875,230975,,,,869.8550987006349
2022-02-22 09:44:00,838.9400024414062,848.0900268554688,838.9400024414062,846.7199096679688,846.7199096679688,339606,,,,869.8550987006349
2022-02-22 09:46:00,846.6950073242188,850.02001953125,846.25,846.6829223632812,846.6829223632812,268520,,,,869.8550987006349
2022-02-22 09:48:00,846.760009765625,852.8798828125,846.760009765625,852.8798828125,852.8798828125,213933,,,,869.8550987006349
2022-02-22 09:50:00,852.4000244140625,853.5098876953125,849.1525268554688,850.1400146484375,850.1400146484375,214539,,,,869.8550987006349
2022-02-22 09:52:00,850.4600219726562,855.7498779296875,848.1901245117188,853.4357299804688,853.4357299804688,237528,,,,869.8550987006349
2022-02-22 09:54:00,853.5399780273438,853.5399780273438,846.52001953125,847.1500244140625,847.1500244140625,146948,,,,869.8550987006349
2022-02-22 09:56:00,847.47998046875,847.9199829101562,844.6400146484375,845.1400146484375,845.1400146484375,129578,,,,869.8550987006349
2022-02-22 09:58:00,845.0100708007812,846.3200073242188,844.2800903320312,844.4400024414062,844.4400024414062,125484,56.14301247201791,,,869.8550987006349
2022-02-22 10:00:00,844.5250244140625,845.625,839.3699951171875,840.9099731445312,840.9099731445312,188200,61.42940435020459,,,869.8550987006349
2022-02-22 10:02:00,840.1500244140625,842.3900146484375,840.1069946289062,841.2750244140625,841.2750244140625,130809,65.62133691027461,,,869.8550987006349
2022-02-22 10:04:00,841.3699951171875,843.3499755859375,837.2700805664062,837.8200073242188,837.8200073242188,148196,61.96956769626955,,,869.8550987006349
2022-02-22 10:06:00,838.1099853515625,840.2523193359375,836.5294189453125,839.9299926757812,839.9299926757812,118211,58.717614332809084,,,869.8550987006349
2022-02-22 10:08:00,839.9924926757812,841.6876220703125,839.1599731445312,839.7000122070312,839.7000122070312,110150,56.77012500196346,,,869.8550987006349
2022-02-22 10:10:00,839.9949951171875,840.4899291992188,837.25,838.8200073242188,838.8200073242188,75733,62.54599986852881,,,869.8550987006349
2022-02-22 10:12:00,839.489990234375,844.8800048828125,839.3953857421875,843.2899780273438,843.2899780273438,162586,57.54326641678256,,,869.8550987006349
2022-02-22 10:14:00,843.3200073242188,846.530029296875,843.3200073242188,846.0,846.0,125638,57.01228749591497,,,869.8550987006349
2022-02-22 10:16:00,845.7401123046875,848.2100219726562,845.7401123046875,846.4000244140625,846.4000244140625,103211,51.09805674585077,,,869.8550987006349
2022-02-22 10:18:00,846.3099975585938,849.8499755859375,846.3099975585938,849.3400268554688,849.3400268554688,86865,47.681332858753706,,,869.8550987006349
2022-02-22 10:20:00,849.0800170898438,851.97998046875,847.780029296875,851.625,851.625,134684,47.008122147305116,851.625,,864.8550987006348
2022-02-22 10:22:00,851.8599853515625,854.0,849.1600952148438,850.7501220703125,850.7501220703125,185350,54.794772403438074,,,863.9666294351355
2022-02-22 10:24:00,850.451171875,850.924072265625,848.1300048828125,850.280029296875,850.280029296875,123535,57.526754884508975,,,863.4892337128754
2022-02-22 10:26:00,850.469970703125,851.8179931640625,849.5399780273438,851.0,851.0,76608,58.11363063948718,,851.0,859.2203892490712
2022-02-22 10:28:00,850.8699951171875,856.7338256835938,850.6699829101562,855.4299926757812,855.4299926757812,173984,62.85365732020301,,,859.2203892490712
2022-02-22 10:30:00,855.0499877929688,855.389892578125,847.52001953125,848.8800048828125,848.8800048828125,200110,67.968600104534,,,859.2203892490712
2022-02-22 10:32:00,849.22998046875,849.4600219726562,846.5599975585938,848.2999267578125,848.2999267578125,96360,58.20505266259114,,,859.2203892490712
2022-02-22 10:34:00,848.3099975585938,849.0,846.77001953125,847.75,847.75,60011,61.62150952526087,,,859.2203892490712
2022-02-22 10:36:00,847.9998779296875,848.75,845.9000244140625,848.14990234375,848.14990234375,76882,60.84208167802759,,,859.2203892490712
2022-02-22 10:38:00,847.9434814453125,849.5,846.1900024414062,846.2100219726562,846.2100219726562,86268,55.968807578492864,,,859.2203892490712
2022-02-22 10:40:00,846.1950073242188,847.0,843.5499877929688,844.1799926757812,844.1799926757812,92211,52.047759445653654,,,859.2203892490712
2022-02-22 10:42:00,844.22998046875,845.9998779296875,843.4299926757812,844.8099975585938,844.8099975585938,71386,50.08157257067115,,,859.2203892490712
2022-02-22 10:44:00,845.084716796875,847.6998901367188,844.8101196289062,846.5499877929688,846.5499877929688,75483,50.590826267179324,,,859.2203892490712
2022-02-22 10:46:00,846.6699829101562,847.5,844.0700073242188,845.0700073242188,845.0700073242188,68920,47.812829374708926,,,859.2203892490712
2022-02-22 10:48:00,845.0,846.989990234375,845.0,846.1099853515625,846.1099853515625,46754,46.67900561728029,846.1099853515625,,854.2203892490712
2022-02-22 10:50:00,846.1099853515625,846.3400268554688,840.5999755859375,841.4099731445312,841.4099731445312,119441,43.458582256510624,,,849.4753249826362
2022-02-22 10:52:00,841.594970703125,842.9000244140625,841.1500244140625,841.489990234375,841.489990234375,62098,36.95905818577323,,,849.5561090778675
2022-02-22 10:54:00,841.9400024414062,843.1199951171875,839.0,839.8699951171875,839.8699951171875,86289,35.249789337854054,,,847.9205854656383
2022-02-22 10:56:00,839.7550048828125,840.489990234375,838.2200927734375,839.25,839.25,74425,24.24202081503772,,,847.294647373067
2022-02-22 10:58:00,839.1915893554688,841.3800048828125,839.1915893554688,840.9299926757812,840.9299926757812,26860,31.523068419432093,,,848.9907436516675
2022-02-22 11:00:00,839.9500122070312,841.1162719726562,838.0,839.5999755859375,839.5999755859375,134937,33.43035897918972,,,847.6479776568633
2022-02-22 11:02:00,839.5700073242188,840.0,838.0499877929688,838.4400024414062,838.4400024414062,46568,32.140490591042806,,,846.4768855669523
2022-02-22 11:04:00,838.3200073242188,838.3499755859375,834.4500122070312,836.72998046875,836.72998046875,163986,35.729199620373294,,,844.7504721450614
2022-02-22 11:06:00,836.3400268554688,836.739990234375,833.6199951171875,834.0599975585938,834.0599975585938,103283,36.087486752903715,,,842.054896061233
2022-02-22 11:08:00,833.833984375,834.77001953125,833.260009765625,833.5200805664062,833.5200805664062,93390,35.10733371498735,,,841.5098036841032
2022-02-22 11:10:00,834.0,834.6199951171875,832.510009765625,833.3599853515625,833.3599853515625,106630,39.2206224826071,,,841.3481738734304
2022-02-22 11:12:00,833.0,833.5,830.8599853515625,830.989990234375,830.989990234375,113945,36.856566695321725,,,838.9554611214575
2022-02-22 11:14:00,831.0145263671875,831.7000122070312,829.3200073242188,830.9299926757812,830.9299926757812,169832,35.6051833385593,,,838.8948884550864
2022-02-22 11:16:00,830.7000122070312,830.9998779296875,827.27001953125,828.302490234375,828.302490234375,155109,36.36376142687146,,,836.2422000373763
2022-02-22 11:18:00,827.969970703125,828.5650024414062,826.0601196289062,827.0800170898438,827.0800170898438,158300,39.433895178113666,,,835.0080088524866
2022-02-22 11:20:00,827.510009765625,827.510009765625,823.260009765625,824.2899780273438,824.2899780273438,266183,55.613737923417034,,,832.1912258157062
2022-02-22 11:22:00,824.219970703125,824.3300170898438,822.510009765625,823.5267944335938,823.5267944335938,142987,53.874810793882766,,,831.4207267106154
2022-02-22 11:24:00,823.5999755859375,824.9998779296875,820.5,821.7999877929688,821.7999877929688,186963,53.66944302719706,,,829.677367730991
2022-02-22 11:26:00,821.5416870117188,827.8499755859375,821.5416870117188,824.0150146484375,824.0150146484375,225884,0.0,,,831.9136267699262
2022-02-22 11:28:00,824.2183837890625,824.2183837890625,818.0,819.0778198242188,819.0778198242188,330936,59.89215088973453,,819.0778198242188,821.9291063676638
2022-02-22 11:30:00,818.8599853515625,822.0,818.510009765625,820.5050048828125,820.5050048828125,228772,55.194527846816214,,,821.9291063676638
2022-02-22 11:32:00,820.7000122070312,824.5,818.2100219726562,822.9216918945312,822.9216918945312,154114,50.206742734939446,,,821.9291063676638
2022-02-22 11:34:00,823.269287109375,823.760009765625,821.7999877929688,822.2249755859375,822.2249755859375,87405,54.0102188994688,,,821.9291063676638
2022-02-22 11:36:00,821.9500122070312,822.0599975585938,819.989990234375,820.6199951171875,820.6199951171875,95084,53.78468787012224,,,821.9291063676638
2022-02-22 11:38:00,820.989990234375,821.4398803710938,819.0700073242188,821.0,821.0,136475,51.79181016469513,,,821.9291063676638
2022-02-22 11:40:00,821.094482421875,821.1599731445312,818.3900146484375,819.1500244140625,819.1500244140625,101399,46.86030918905366,819.1500244140625,,816.9291063676638
2022-02-22 11:42:00,819.0,820.2399291992188,818.7800903320312,819.5089111328125,819.5089111328125,83257,44.295706868422684,,,817.2870200558742
2022-02-22 11:44:00,819.4000244140625,819.7216186523438,815.5609741210938,815.7899780273438,815.7899780273438,185975,41.093142149526464,,,813.5781698966316
2022-02-22 11:46:00,815.8300170898438,818.0,815.010009765625,817.8328247070312,817.8328247070312,135161,37.55128532022902,,,815.6154779143869
2022-02-22 11:48:00,817.7186889648438,818.3718872070312,816.0,816.0599975585938,816.0599975585938,69860,40.270694179602486,,,813.8474573382375
2022-02-22 11:50:00,816.0399780273438,819.6599731445312,815.239990234375,815.4000244140625,815.4000244140625,133288,38.743393678489234,,,813.1892735439146
2022-02-22 11:52:00,815.27001953125,815.27001953125,810.010009765625,810.0100708007812,810.0100708007812,259281,40.36081774528119,,,807.8139334261986
2022-02-22 11:54:00,810.3298950195312,812.6099243164062,808.010009765625,809.14501953125,809.14501953125,304762,33.94318595326065,,,806.9512275243268
2022-02-22 11:56:00,809.5413818359375,810.8198852539062,808.7301025390625,810.2457885742188,810.2457885742188,159166,39.032458581228695,,,808.0490121105299
2022-02-22 11:58:00,810.1428833007812,813.9899291992188,810.0,813.7098999023438,813.7098999023438,166016,37.83708726358351,,,811.5037313772082
2022-02-22 12:00:00,813.4000244140625,813.489990234375,812.0,812.969970703125,812.969970703125,129057,41.516581220754844,,,810.7658083088112
2022-02-22 12:02:00,812.6799926757812,816.239990234375,812.260009765625,815.4600219726562,815.4600219726562,184681,41.45331284780802,,,813.2491084343076
2022-02-22 12:04:00,815.6168212890625,815.8198852539062,813.5601196289062,813.7901000976562,813.7901000976562,105413,43.35065851309841,,,811.5837141299817
2022-02-22 12:06:00,813.8200073242188,814.8599853515625,811.6599731445312,811.7324829101562,811.7324829101562,126914,47.58485105932098,,,809.5316756509088
2022-02-22 12:08:00,811.6099853515625,812.9998779296875,810.3200073242188,811.1599731445312,811.1599731445312,139947,47.27612946485272,,,808.9607181006685
2022-02-22 12:10:00,811.4600219726562,811.4600219726562,805.0,806.943115234375,806.943115234375,205343,53.98674398670374,,,804.7552931338714
2022-02-22 12:12:00,806.9000244140625,807.9949951171875,806.010009765625,807.1799926757812,807.1799926757812,138241,53.28697594717388,,,804.9915283420252
2022-02-22 12:14:00,807.125,807.25,804.5,805.3099975585938,805.3099975585938,160083,47.76125701335396,,,803.1266032434895
2022-02-22 12:16:00,805.2050170898438,807.5999755859375,805.2050170898438,806.4299926757812,806.4299926757812,127286,47.626537633398875,,,804.2435617772753
2022-02-22 12:18:00,806.280029296875,806.3400268554688,802.780029296875,803.989990234375,803.989990234375,166887,43.63998492759865,,,801.8101747851688
2022-02-22 12:20:00,803.7307739257812,806.4000244140625,803.6901245117188,806.125,806.125,127935,48.25569893715544,,,803.9393960119714
2022-02-22 12:22:00,806.0,808.5999755859375,805.781005859375,808.0599975585938,808.0599975585938,117782,47.56059823840752,,,805.8691473142391
2022-02-22 12:24:00,807.859619140625,809.3699951171875,807.0,808.9899291992188,808.9899291992188,115437,49.46181103570634,,,806.796557680493
2022-02-22 12:26:00,808.8800048828125,810.9799194335938,807.8900146484375,810.8400268554688,810.8400268554688,129510,43.206903027420225,,,808.6416392650225
2022-02-22 12:28:00,810.530029296875,810.91259765625,808.0599975585938,808.1599731445312,808.1599731445312,100625,41.68456454056574,,,805.9688518416691
2022-02-22 12:30:00,808.1945190429688,810.9598999023438,807.1199951171875,809.7559814453125,809.7559814453125,104498,38.174178607495854,,,807.5605329697325
2022-02-22 12:32:00,809.110107421875,809.869873046875,806.0900268554688,807.6799926757812,807.6799926757812,94835,37.78181515936592,,,805.4901727185252
2022-02-22 12:34:00,807.5689086914062,811.25,806.7000122070312,809.2750244140625,809.2750244140625,102522,37.750630211363195,,,807.0808799317907
2022-02-22 12:36:00,809.4199829101562,813.3098754882812,809.125,812.2750244140625,812.2750244140625,123670,34.9088657721734,,,810.0727461907902
2022-02-22 12:38:00,812.0,812.1265258789062,810.3599853515625,810.9199829101562,810.9199829101562,65114,41.37753209268795,,,808.7213785390966
2022-02-22 12:40:00,811.139892578125,811.139892578125,809.3800048828125,810.22998046875,810.22998046875,55510,45.9256124437695,,,808.0332468647397
2022-02-22 12:42:00,810.8599853515625,811.25,809.3499755859375,810.0762939453125,810.0762939453125,55389,48.9210031699604,,,807.8799770234278
2022-02-22 12:44:00,810.0700073242188,811.25,809.0,809.5853881835938,809.5853881835938,54326,54.33408859153246,,,807.3904022284829
2022-02-22 12:46:00,809.530029296875,809.5999755859375,805.010009765625,805.2664184570312,805.2664184570312,125418,60.02050638600696,,805.2664184570312,798.0831422956354
2022-02-22 12:48:00,805.27001953125,805.4099731445312,804.3800048828125,804.9099731445312,804.9099731445312,98170,51.958267059415356,,,798.0831422956354
2022-02-22 12:50:00,805.010009765625,807.9500122070312,804.8499755859375,807.6036987304688,807.6036987304688,102847,54.21649416086934,,,798.0831422956354
2022-02-22 12:52:00,807.919921875,808.0,805.7000122070312,806.34130859375,806.34130859375,55404,58.626666666666665,,,798.0831422956354
2022-02-22 12:54:00,806.4099731445312,810.3499755859375,806.2999877929688,809.9500122070312,809.9500122070312,71463,59.89872038010033,,,798.0831422956354
2022-02-22 12:56:00,809.9249877929688,810.2899780273438,807.8814086914062,808.3499755859375,808.3499755859375,60115,65.12743356285414,,,798.0831422956354
2022-02-22 12:58:00,808.4107055664062,809.5499877929688,807.6600952148438,808.8491821289062,808.8491821289062,51256,66.58732579263523,,,798.0831422956354
2022-02-22 13:00:00,809.65087890625,810.1400146484375,807.4299926757812,807.7440185546875,807.7440185546875,56434,64.06638477384169,,,798.0831422956354
2022-02-22 13:02:00,807.6500244140625,808.5999755859375,805.755615234375,805.9199829101562,805.9199829101562,62530,66.056034581258,,,798.0831422956354
2022-02-22 13:04:00,805.840087890625,809.9998779296875,805.8400268554688,809.1329956054688,809.1329956054688,97647,63.279042075299095,,,798.0831422956354
2022-02-22 13:06:00,809.1500244140625,809.6900024414062,808.0001220703125,808.010009765625,808.010009765625,55980,65.62756649328578,,,798.0831422956354
2022-02-22 13:08:00,808.0,811.7493896484375,808.0,810.5,810.5,101590,64.81026346834447,,,798.0831422956354
2022-02-22 13:10:00,810.3162841796875,814.2100219726562,810.3162841796875,812.2150268554688,812.2150268554688,162181,62.35103728946642,,,798.0831422956354
2022-02-22 13:12:00,812.2000122070312,814.530029296875,812.0,813.2200927734375,813.2200927734375,84869,58.870914467013044,,,798.0831422956354
2022-02-22 13:14:00,813.0200805664062,813.3400268554688,810.1099853515625,810.4119873046875,810.4119873046875,89950,64.21869468860422,,,798.0831422956354
2022-02-22 13:16:00,810.260009765625,810.3400268554688,807.2100219726562,809.0098876953125,809.0098876953125,96044,57.304982787277865,,,798.0831422956354
2022-02-22 13:18:00,808.3701171875,809.3099975585938,807.5599975585938,807.969970703125,807.969970703125,52412,56.78730188835809,,,798.0831422956354
2022-02-22 13:20:00,807.955078125,808.989990234375,807.416015625,808.5399169921875,808.5399169921875,46508,57.28231495874686,,,798.0831422956354
2022-02-22 13:22:00,808.7349853515625,809.489990234375,806.9199829101562,807.1099853515625,807.1099853515625,62828,50.39120233328134,,,798.0831422956354
2022-02-22 13:24:00,807.1500244140625,808.5800170898438,806.760009765625,807.0,807.0,49775,50.78428619343752,,,798.0831422956354
2022-02-22 13:26:00,806.9199829101562,807.7799072265625,806.7899780273438,807.3184204101562,807.3184204101562,54272,57.028318797289316,,,798.0831422956354
2022-02-22 13:28:00,807.3200073242188,808.0,806.7529907226562,807.5120239257812,807.5120239257812,80497,52.733710103920544,,,798.0831422956354
2022-02-22 13:30:00,807.6699829101562,810.5698852539062,806.4490966796875,809.635009765625,809.635009765625,88137,50.72905101484053,,,798.0831422956354
2022-02-22 13:32:00,809.5449829101562,810.4099731445312,808.3800048828125,809.1300048828125,809.1300048828125,53879,47.68564661068585,,,798.0831422956354
2022-02-22 13:34:00,809.3300170898438,810.9199829101562,808.219970703125,809.3099975585938,809.3099975585938,67744,49.716867621940445,,,798.0831422956354
2022-02-22 13:36:00,809.280029296875,810.5599975585938,808.294189453125,809.4199829101562,809.4199829101562,34669,41.7697890596073,809.4199829101562,,793.0831422956354
2022-02-22 13:38:00,809.4600219726562,809.75,808.1397705078125,808.3200073242188,808.3200073242188,44310,34.586426191261765,,,792.0053679478767
2022-02-22 13:40:00,808.8800048828125,809.760009765625,807.0,807.5700073242188,807.5700073242188,63152,32.691456017538655,,,791.2705054916978
2022-02-22 13:42:00,807.5100708007812,807.8099975585938,806.0,806.3300170898438,806.3300170898438,458860,39.15201739451498,,,790.0555424660034
2022-02-22 13:44:00,806.3350219726562,806.9998779296875,805.25,805.5,805.5,464210,39.77109348256411,,,789.2422779362525
2022-02-22 13:46:00,805.3800048828125,806.8300170898438,805.3800048828125,806.1500854492188,806.1500854492188,63327,40.60236973017653,,,789.8792424561714
2022-02-22 13:48:00,806.260009765625,806.4548950195312,804.0701293945312,805.6500854492188,805.6500854492188,109272,41.15027017479065,,,789.389334152052
2022-02-22 13:50:00,805.280029296875,805.2999877929688,803.739990234375,803.7999877929688,803.7999877929688,59455,45.30705786672796,,,787.5765777415949
2022-02-22 13:52:00,804.0,804.3300170898438,802.0999755859375,802.0999755859375,802.0999755859375,114442,38.104487210465074,,,785.9108775469372
2022-02-22 13:54:00,802.1505126953125,803.8499755859375,801.4000244140625,803.280029296875,803.280029296875,70237,38.07352542421258,,,787.0671137715274
2022-02-22 13:56:00,803.4067993164062,803.8400268554688,801.95751953125,803.2000122070312,803.2000122070312,79003,44.47678882178319,,,786.9887116979555
2022-02-22 13:58:00,803.330810546875,805.4299926757812,802.510009765625,804.9500122070312,804.9500122070312,78946,35.79833549374092,,,788.7033907623733
2022-02-22 14:00:00,804.85498046875,804.85498046875,802.9201049804688,803.3599853515625,803.3599853515625,64520,43.47744849060921,,,787.1454560418395
2022-02-22 14:02:00,803.1699829101562,804.2000122070312,802.9299926757812,803.4600219726562,803.4600219726562,48364,46.273302225431095,,,787.2434735846192
2022-02-22 14:04:00,803.47998046875,804.0800170898438,801.1099853515625,801.27001953125,801.27001953125,82312,46.206191887197306,,,785.0976728204461
2022-02-22 14:06:00,801.6199951171875,802.97998046875,801.10009765625,802.22998046875,802.22998046875,80674,43.556822669350716,,,786.038258490269
2022-02-22 14:08:00,802.1300048828125,802.8800048828125,801.1900024414062,802.1400146484375,802.1400146484375,82910,42.65718031066787,,,785.950108485353
2022-02-22 14:10:00,802.47998046875,804.35498046875,801.375,804.3137817382812,804.3137817382812,94436,45.67525085294884,,,788.0800015824245
2022-02-22 14:12:00,804.344970703125,808.22998046875,804.1766967773438,807.9400024414062,807.9400024414062,185582,49.84147757821364,,,791.6330328524853
2022-02-22 14:14:00,807.8400268554688,810.4899291992188,806.5,810.155029296875,810.155029296875,162173,58.80861744229653,,810.155029296875,788.8033529531683
2022-02-22 14:16:00,810.12158203125,810.280029296875,808.0900268554688,809.1099243164062,809.1099243164062,83276,57.84122098494354,,,788.8033529531683
2022-02-22 14:18:00,808.8099975585938,809.02001953125,806.5001220703125,807.5900268554688,807.5900268554688,61714,60.582536831422225,,,788.8033529531683
2022-02-22 14:20:00,807.989990234375,810.4099731445312,807.989990234375,808.3099975585938,808.3099975585938,117553,61.23185322776469,,,788.8033529531683
2022-02-22 14:22:00,808.8300170898438,808.8300170898438,804.590576171875,804.590576171875,804.590576171875,95390,60.30023718035909,,,788.8033529531683
2022-02-22 14:24:00,804.52001953125,812.9600219726562,804.1699829101562,810.2802124023438,810.2802124023438,237834,49.3548185090028,,,788.8033529531683
2022-02-22 14:26:00,810.0601196289062,812.64501953125,808.8099975585938,812.0,812.0,114850,56.654967451866355,,,788.8033529531683
2022-02-22 14:28:00,811.6649780273438,812.0999755859375,809.5999755859375,811.989990234375,811.989990234375,93092,55.66429970413956,,,788.8033529531683
2022-02-22 14:30:00,812.030029296875,817.3619995117188,808.9199829101562,816.4149780273438,816.4149780273438,225433,63.097505299629354,,,788.8033529531683
2022-02-22 14:32:00,816.4083251953125,818.3712768554688,813.0,813.14501953125,813.14501953125,196816,67.8209698823419,,,788.8033529531683
2022-02-22 14:34:00,813.2199096679688,816.0,812.6500244140625,814.75,814.75,107269,64.61695980529788,,,788.8033529531683
2022-02-22 14:36:00,814.0900268554688,817.5,814.0,816.39697265625,816.39697265625,121293,59.16732380089696,,,788.8033529531683
2022-02-22 14:38:00,816.110107421875,817.0,813.239990234375,813.239990234375,813.239990234375,116563,58.58518384905949,,,788.8033529531683
2022-02-22 14:40:00,813.6699829101562,814.9298706054688,810.5599975585938,811.6099853515625,811.6099853515625,103322,54.837905862170686,,,788.8033529531683
2022-02-22 14:42:00,811.2650756835938,812.22998046875,808.7841796875,809.2550048828125,809.2550048828125,123147,56.23525908186357,,,788.8033529531683
2022-02-22 14:44:00,809.4509887695312,810.2000122070312,808.3599853515625,808.5750122070312,808.5750122070312,77430,54.07523235116982,,,788.8033529531683
2022-02-22 14:46:00,808.3300170898438,809.0,806.2401123046875,807.9652709960938,807.9652709960938,128629,55.44069276514277,,,788.8033529531683
2022-02-22 14:48:00,808.0,815.0,808.0,814.9998779296875,814.9998779296875,192263,61.00233995523698,,,788.8033529531683
2022-02-22 14:50:00,815.0,818.419921875,814.8261108398438,816.9600219726562,816.9600219726562,187180,68.78508716991016,,,788.8033529531683
2022-02-22 14:52:00,816.130126953125,822.989990234375,816.110107421875,822.7999267578125,822.7999267578125,254389,64.69027346618063,,,788.8033529531683
2022-02-22 14:54:00,822.97998046875,825.4598999023438,821.0009765625,825.3298950195312,825.3298950195312,270521,69.15968813167774,,,788.8033529531683
2022-02-22 14:56:00,824.8499755859375,827.7698974609375,824.3699951171875,825.0399780273438,825.0399780273438,214618,64.71775306633549,,,788.8033529531683
2022-02-22 14:58:00,825.0999755859375,825.2899169921875,823.1699829101562,823.8140258789062,823.8140258789062,151340,66.73095712633499,,,788.8033529531683
2022-02-22 15:00:00,824.0599975585938,828.5,823.6599731445312,828.1099853515625,828.1099853515625,183900,70.7426489067605,,,788.8033529531683
2022-02-22 15:02:00,828.1849975585938,832.0,827.6400146484375,831.1599731445312,831.1599731445312,241830,73.21581612404111,,,788.8033529531683
2022-02-22 15:04:00,831.5,831.5,827.635009765625,828.4873046875,828.4873046875,177264,74.3464400355519,,,788.8033529531683
2022-02-22 15:06:00,828.864990234375,831.3800048828125,827.2600708007812,828.0,828.0,178779,75.28676119376816,,,788.8033529531683
2022-02-22 15:08:00,827.9199829101562,829.7299194335938,824.72998046875,825.2271728515625,825.2271728515625,149873,77.60254110817509,,,788.8033529531683
2022-02-22 15:10:00,825.2525024414062,830.1300048828125,825.2525024414062,827.5700073242188,827.5700073242188,123633,76.73940015586135,,,788.8033529531683
2022-02-22 15:12:00,827.875,829.6298828125,825.5900268554688,826.760009765625,826.760009765625,126391,74.21064659854825,,,788.8033529531683
2022-02-22 15:14:00,826.9694213867188,829.4099731445312,824.7000122070312,827.6799926757812,827.6799926757812,129842,73.73807334718191,,,788.8033529531683
2022-02-22 15:16:00,828.2301025390625,828.7498779296875,825.8099975585938,826.6950073242188,826.6950073242188,95731,68.4858208319581,,,788.8033529531683
2022-02-22 15:18:00,826.6950073242188,828.0098876953125,823.5399780273438,823.9299926757812,823.9299926757812,114483,70.54791900975914,,,788.8033529531683
2022-02-22 15:20:00,823.7000122070312,825.9899291992188,821.7901000976562,824.4251098632812,824.4251098632812,119354,63.6438557654285,,,788.8033529531683
2022-02-22 15:22:00,824.4600219726562,824.8499755859375,821.72998046875,822.010009765625,822.010009765625,85441,59.66845936179616,,,788.8033529531683
2022-02-22 15:24:00,822.0,822.5499877929688,820.7501220703125,822.260009765625,822.260009765625,91235,55.693344655109925,,,788.8033529531683
2022-02-22 15:26:00,822.4099731445312,824.4299926757812,822.4099731445312,824.3900146484375,824.3900146484375,98720,50.646739155800816,,,788.8033529531683
2022-02-22 15:28:00,824.3599853515625,826.7470092773438,823.4550170898438,823.4550170898438,823.4550170898438,118961,45.36835837448975,823.4550170898438,,783.8033529531683
2022-02-22 15:30:00,823.0401000976562,823.4299926757812,818.2069702148438,819.6358032226562,819.6358032226562,133602,41.501308729021396,,,780.1680449246544
2022-02-22 15:32:00,820.0,821.5,819.1099853515625,820.3499145507812,820.3499145507812,83463,39.58341841140261,,,780.8477697933477
2022-02-22 15:34:00,820.3900146484375,822.0,819.7301025390625,821.0401000976562,821.0401000976562,81025,35.53516083900905,,,781.5047209741326
2022-02-22 15:36:00,821.5,821.969970703125,819.2999877929688,821.0599975585938,821.0599975585938,75929,35.5322879860139,,,781.5236603166278
2022-02-22 15:38:00,821.2449951171875,824.1099853515625,821.1397094726562,824.1099853515625,824.1099853515625,93105,27.61023715902101,,,784.4267826596596
2022-02-22 15:40:00,823.72998046875,825.75,823.414794921875,824.9998779296875,824.9998779296875,118299,32.12598096589454,,,785.2738244191081
2022-02-22 15:42:00,824.4299926757812,824.77001953125,819.6901245117188,821.590087890625,821.590087890625,122018,32.046543229395894,,,782.0282253153116
2022-02-22 15:44:00,821.469970703125,822.7899780273438,820.7000122070312,822.3150024414062,822.3150024414062,83786,27.84473565333262,,,782.7182332012493
2022-02-22 15:46:00,821.8701171875,822.8250122070312,819.52001953125,822.52001953125,822.52001953125,131491,27.35705664088694,,,782.9133781443211
2022-02-22 15:48:00,822.52001953125,822.9998779296875,820.2800903320312,821.8400268554688,821.8400268554688,77154,26.708174921020927,,,782.2661290193543
2022-02-22 15:50:00,821.4000244140625,822.1199951171875,819.4415283203125,820.9899291992188,820.9899291992188,128983,30.357371726406626,,,781.4569659448962
2022-02-22 15:52:00,820.4000244140625,820.639892578125,817.52001953125,817.760009765625,817.760009765625,159273,35.19601737933891,,,778.3825761734107
2022-02-22 15:54:00,817.47998046875,822.5145263671875,817.3699951171875,821.4849853515625,821.4849853515625,192735,29.449750232632297,,,781.9281837577142
2022-02-22 15:56:00,821.3201293945312,821.4724731445312,819.2000122070312,821.2399291992188,821.2399291992188,174637,34.30993249250997,,,781.6949277450815
2022-02-22 15:58:00,820.8800048828125,821.6300048828125,819.8599853515625,821.6199951171875,821.6199951171875,291787,42.66528114728491,,,782.0566924251971
